{
  "POST API" : {
    "transaction" : "POST API",
    "sampleCount" : 15,
    "errorCount" : 0,
    "errorPct" : 0.0,
    "meanResTime" : 331.33333333333337,
    "medianResTime" : 330.0,
    "minResTime" : 319.0,
    "maxResTime" : 353.0,
    "pct1ResTime" : 351.2,
    "pct2ResTime" : 353.0,
    "pct3ResTime" : 353.0,
    "throughput" : 11.895321173671688,
    "receivedKBytesPerSec" : 8.270191068596352,
    "sentKBytesPerSec" : 13.695882484139572
  },
  "DEL API" : {
    "transaction" : "DEL API",
    "sampleCount" : 15,
    "errorCount" : 0,
    "errorPct" : 0.0,
    "meanResTime" : 332.8,
    "medianResTime" : 330.0,
    "minResTime" : 310.0,
    "maxResTime" : 362.0,
    "pct1ResTime" : 354.8,
    "pct2ResTime" : 362.0,
    "pct3ResTime" : 362.0,
    "throughput" : 11.990407673860911,
    "receivedKBytesPerSec" : 7.197367106314949,
    "sentKBytesPerSec" : 2.435551558752998
  },
  "PUT API" : {
    "transaction" : "PUT API",
    "sampleCount" : 15,
    "errorCount" : 0,
    "errorPct" : 0.0,
    "meanResTime" : 332.1333333333334,
    "medianResTime" : 330.0,
    "minResTime" : 310.0,
    "maxResTime" : 351.0,
    "pct1ResTime" : 351.0,
    "pct2ResTime" : 351.0,
    "pct3ResTime" : 351.0,
    "throughput" : 12.087026591458502,
    "receivedKBytesPerSec" : 8.217761633763093,
    "sentKBytesPerSec" : 5.476933924254633
  },
  "Total" : {
    "transaction" : "Total",
    "sampleCount" : 60,
    "errorCount" : 0,
    "errorPct" : 0.0,
    "meanResTime" : 258.95,
    "medianResTime" : 324.5,
    "minResTime" : 24.0,
    "maxResTime" : 362.0,
    "pct1ResTime" : 350.0,
    "pct2ResTime" : 351.0,
    "pct3ResTime" : 362.0,
    "throughput" : 30.379746835443036,
    "receivedKBytesPerSec" : 27.963805379746834,
    "sentKBytesPerSec" : 14.67068829113924
  },
  "GetAPI" : {
    "transaction" : "GetAPI",
    "sampleCount" : 15,
    "errorCount" : 0,
    "errorPct" : 0.0,
    "meanResTime" : 39.53333333333334,
    "medianResTime" : 40.0,
    "minResTime" : 24.0,
    "maxResTime" : 49.0,
    "pct1ResTime" : 46.6,
    "pct2ResTime" : 49.0,
    "pct3ResTime" : 49.0,
    "throughput" : 15.384615384615385,
    "receivedKBytesPerSec" : 26.254006410256412,
    "sentKBytesPerSec" : 1.9080528846153846
  }
}